deal,sponsor,tranche,size_usd_m,trigger_type,trigger_detail,attachment_usd_m,exhaustion_usd_m,expected_loss_pct,spread_pct,maturity,covered_area,artemis_url,notes
Everglades Re II 2025-1,Florida Citizens,A,450,indemnity,annual aggregate,9600,10800,1.56,8.75,2028-05,FL named storm,https://www.artemis.bm/deal-directory/everglades-re-ii-ltd-series-2025-1/,largest cat bond ever at issuance
Everglades Re II 2025-1,Florida Citizens,B,475,indemnity,annual aggregate,8400,9600,1.90,9.75,2028-05,FL named storm,https://www.artemis.bm/deal-directory/everglades-re-ii-ltd-series-2025-1/,
Everglades Re II 2025-1,Florida Citizens,C,375,indemnity,annual aggregate,7200,8400,2.32,11.25,2028-05,FL named storm,https://www.artemis.bm/deal-directory/everglades-re-ii-ltd-series-2025-1/,
Everglades Re II 2025-1,Florida Citizens,D,225,indemnity,annual aggregate,6489,7200,2.80,13.00,2028-05,FL named storm,https://www.artemis.bm/deal-directory/everglades-re-ii-ltd-series-2025-1/,
Everglades Re II 2024-1,Florida Citizens,A,450,indemnity,annual aggregate,13309,15309,1.24,10.50,2027-05,FL named storm,https://artemis.bm/deal-directory/everglades-re-ii-ltd-series-2024-1/,older vintage stacked tower
Everglades Re II 2024-1,Florida Citizens,B,425,indemnity,annual aggregate,11309,13309,1.51,11.50,2027-05,FL named storm,https://artemis.bm/deal-directory/everglades-re-ii-ltd-series-2024-1/,
Everglades Re II 2024-1,Florida Citizens,C,225,indemnity,annual aggregate,9809,11309,1.91,12.75,2027-05,FL named storm,https://artemis.bm/deal-directory/everglades-re-ii-ltd-series-2024-1/,
Merna Re Enterprise II 2026-1,State Farm,A,750,indemnity,annual aggregate,not disclosed,not disclosed,1.58,6.25,2029-07,"US + DC (ex-CA) multi-peril incl. hurricane/tropical cyclone",https://www.artemis.bm/deal-directory/merna-re-enterprise-ii-ltd-series-2026-1/,joint-3rd largest single visit; nationwide non-Florida wind
Merna Re Enterprise II 2026-1,State Farm,B,750,indemnity,annual aggregate,not disclosed,not disclosed,2.62,9.25,2029-07,"US + DC (ex-CA) multi-peril incl. hurricane/tropical cyclone",https://www.artemis.bm/deal-directory/merna-re-enterprise-ii-ltd-series-2026-1/,
Alamo Re 2026-1,TWIA (Hannover Re fronts),A,300,indemnity,"annual aggregate, $50m event deductible",3625,4305.1,2.79,5.25,2029-06,TX named storm + severe thunderstorm,https://www.artemis.bm/deal-directory/alamo-re-ltd-series-2026-1/,benchmark Texas wind deal
Alamo Re 2026-1,TWIA (Hannover Re fronts),B,300,indemnity,"annual aggregate, $50m event deductible",2625,3625,3.63,7.25,2028-06,TX named storm + severe thunderstorm,https://www.artemis.bm/deal-directory/alamo-re-ltd-series-2026-1/,
Alamo Re 2026-1,TWIA (Hannover Re fronts),C,150,indemnity,"annual aggregate, $50m event deductible",2025,2625,5.01,10.50,2028-06,TX named storm + severe thunderstorm,https://www.artemis.bm/deal-directory/alamo-re-ltd-series-2026-1/,
Sanders Re II 2025-1,Allstate,A-1,175,indemnity,per-occurrence,4250,not disclosed,0.6221,4.00,2028-04,US named storm (ex-FL) + quake/severe weather/wildfire,https://www.artemis.bm/deal-directory/sanders-re-ii-ltd-series-2025-1/,exhaustion implied from layer sizes
Sanders Re II 2025-1,Allstate,A-2,175,indemnity,per-occurrence,4250,not disclosed,0.6221,4.25,2030-04,US named storm (ex-FL) + quake/severe weather/wildfire,https://www.artemis.bm/deal-directory/sanders-re-ii-ltd-series-2025-1/,exhaustion implied from layer sizes
Sanders Re II 2025-1,Allstate,B-1,100,indemnity,per-occurrence,4250,not disclosed,0.8771,4.50,2028-04,US named storm (ex-FL) + quake/severe weather/wildfire,https://www.artemis.bm/deal-directory/sanders-re-ii-ltd-series-2025-1/,exhaustion implied from layer sizes
Sanders Re II 2025-1,Allstate,B-2,300,indemnity,per-occurrence,4250,not disclosed,0.8771,4.75,2030-04,US named storm (ex-FL) + quake/severe weather/wildfire,https://www.artemis.bm/deal-directory/sanders-re-ii-ltd-series-2025-1/,exhaustion implied from layer sizes
Cape Lookout Re 2025-1,NCIUA (Hannover Re fronts),A,600,indemnity,annual aggregate,2800,3400,2.24,6.90,2028-02,NC named storm,https://www.artemis.bm/deal-directory/cape-lookout-re-ltd-series-2025-1/,NCIUA largest; Carolinas wind diversification
Kilimanjaro II Re 2025-1,Everest Re,A-1,105,industry-loss,annual aggregate (regionally weighted),not disclosed,not disclosed,1.10,3.75,2029-06,US/PR/USVI/DC/Canada named storm + quake,https://www.artemis.bm/deal-directory/kilimanjaro-ii-re-ltd-series-2025-1/,only industry-loss trigger in the set
Kilimanjaro II Re 2025-1,Everest Re,B-1,120,industry-loss,annual aggregate (regionally weighted),not disclosed,not disclosed,2.84,6.25,2029-06,US/PR/USVI/DC/Canada named storm + quake,https://www.artemis.bm/deal-directory/kilimanjaro-ii-re-ltd-series-2025-1/,
Kilimanjaro II Re 2025-1,Everest Re,C-1,170,industry-loss,per-occurrence (regionally weighted),not disclosed,not disclosed,1.52,4.00,2029-06,US/PR/USVI/DC/Canada named storm + quake,https://www.artemis.bm/deal-directory/kilimanjaro-ii-re-ltd-series-2025-1/,
Kilimanjaro II Re 2025-1,Everest Re,D-1,105,industry-loss,per-occurrence (regionally weighted),not disclosed,not disclosed,3.55,6.50,2029-06,US/PR/USVI/DC/Canada named storm + quake,https://www.artemis.bm/deal-directory/kilimanjaro-ii-re-ltd-series-2025-1/,
Hestia Re 2025-1,Kin Interinsurance Network,A,200,indemnity,per-occurrence,605,805,1.51,6.75,2028-06,FL named storm,https://artemis.bm/deal-directory/hestia-re-ltd-series-2025-1/,smaller FL-domestic working-layer deal
Hestia Re 2025-1,Kin Interinsurance Network,B,100,indemnity,per-occurrence,405,605,2.03,8.25,2028-06,FL named storm,https://artemis.bm/deal-directory/hestia-re-ltd-series-2025-1/,
Bayou Re 2025-1,Louisiana Citizens,A,280,indemnity,per-occurrence,1050,1330,1.69,7.00,2028-05,LA named storm,https://www.artemis.bm/deal-directory/bayou-re-2025-1/,Gulf Coast diversification
First Coast Re IV 2025-1,Security First Insurance,A,100,indemnity,"per-occurrence, cascading",640,not disclosed,1.30,6.50,2028-03,FL named storm,http://www.artemis.bm/deal-directory/first-coast-re-iv-ltd-series-2025-1/,cascading structure variant; exhaustion not disclosed
First Coast Re IV 2025-1,Security First Insurance,B,150,indemnity,"per-occurrence, cascading",390,not disclosed,2.25,7.50,2028-03,FL named storm,http://www.artemis.bm/deal-directory/first-coast-re-iv-ltd-series-2025-1/,cascading structure variant; exhaustion not disclosed
